source,destination,permanent,reason
/404,/404.html,true,clean-option-route
/404/,/404.html,true,clean-option-route
/about,/about.html,true,clean-option-route
/about-us,/about.html,true,legacy-live-route
/about-us/,/about.html,true,legacy-live-route
/about-us/accessibility-statement,/accessibility.html,true,legacy-live-route
/about-us/accessibility-statement/,/accessibility.html,true,legacy-live-route
/about-us/privacy-policy,/privacy-policy.html,true,legacy-live-route
/about-us/privacy-policy/,/privacy-policy.html,true,legacy-live-route
/about/,/about.html,true,clean-option-route
/ac-airflow-problems-to-watch-for,/ac-repair.html,true,legacy-live-route
/ac-airflow-problems-to-watch-for/,/ac-repair.html,true,legacy-live-route
/ac-compressor-not-starting,/ac-repair.html,true,legacy-live-route
/ac-compressor-not-starting/,/ac-repair.html,true,legacy-live-route
/ac-fan-problems-solutions,/ac-repair.html,true,legacy-live-route
/ac-fan-problems-solutions/,/ac-repair.html,true,legacy-live-route
/ac-inspection,/ac-inspection.html,true,clean-option-route
/ac-inspection/,/ac-inspection.html,true,clean-option-route
/ac-installation,/ac-installation.html,true,clean-option-route
/ac-installation-eagle-mountain-ut,/ac-installation-eagle-mountain-ut.html,true,clean-option-route
/ac-installation-eagle-mountain-ut/,/ac-installation-eagle-mountain-ut.html,true,clean-option-route
/ac-installation-lehi-ut,/ac-installation-lehi-ut.html,true,legacy-live-route
/ac-installation-lehi-ut/,/ac-installation-lehi-ut.html,true,legacy-live-route
/ac-installation-orem-ut,/ac-installation-orem-ut.html,true,clean-option-route
/ac-installation-orem-ut/,/ac-installation-orem-ut.html,true,clean-option-route
/ac-installation-sandy-ut,/ac-installation-sandy-ut.html,true,clean-option-route
/ac-installation-sandy-ut/,/ac-installation-sandy-ut.html,true,clean-option-route
/ac-installation-saratoga-springs-ut,/ac-installation-saratoga-springs-ut.html,true,clean-option-route
/ac-installation-saratoga-springs-ut/,/ac-installation-saratoga-springs-ut.html,true,clean-option-route
/ac-installation/,/ac-installation.html,true,clean-option-route
/ac-maintenance,/ac-maintenance.html,true,clean-option-route
/ac-maintenance-lehi-ut,/ac-maintenance.html,true,legacy-live-route
/ac-maintenance-lehi-ut/,/ac-maintenance.html,true,legacy-live-route
/ac-maintenance/,/ac-maintenance.html,true,clean-option-route
/ac-repair,/ac-repair.html,true,clean-option-route
/ac-repair-eagle-mountain-ut,/ac-repair-eagle-mountain-ut.html,true,legacy-live-route
/ac-repair-eagle-mountain-ut/,/ac-repair-eagle-mountain-ut.html,true,legacy-live-route
/ac-repair-lehi-ut,/ac-repair-lehi-ut.html,true,legacy-live-route
/ac-repair-lehi-ut/,/ac-repair-lehi-ut.html,true,legacy-live-route
/ac-repair-orem-ut,/ac-repair-orem-ut.html,true,clean-option-route
/ac-repair-orem-ut/,/ac-repair-orem-ut.html,true,clean-option-route
/ac-repair-sandy-ut,/ac-repair-sandy-ut.html,true,clean-option-route
/ac-repair-sandy-ut/,/ac-repair-sandy-ut.html,true,clean-option-route
/ac-repair-saratoga-springs-ut,/ac-repair-saratoga-springs-ut.html,true,legacy-live-route
/ac-repair-saratoga-springs-ut/,/ac-repair-saratoga-springs-ut.html,true,legacy-live-route
/ac-repair/,/ac-repair.html,true,clean-option-route
/ac-replacement,/ac-replacement.html,true,clean-option-route
/ac-replacement-lehi-ut,/ac-replacement.html,true,legacy-live-route
/ac-replacement-lehi-ut/,/ac-replacement.html,true,legacy-live-route
/ac-replacement/,/ac-replacement.html,true,clean-option-route
/ac-routine-maintenance,/ac-maintenance.html,true,legacy-live-route
/ac-routine-maintenance/,/ac-maintenance.html,true,legacy-live-route
/ac-service-lehi-ut,/ventilation.html,true,legacy-live-route
/ac-service-lehi-ut/,/ventilation.html,true,legacy-live-route
/ac-services,/ac-services.html,true,clean-option-route
/ac-services/,/ac-services.html,true,clean-option-route
/ac-system-longevity-regular-maintenance,/ac-maintenance.html,true,legacy-live-route
/ac-system-longevity-regular-maintenance/,/ac-maintenance.html,true,legacy-live-route
/ac-thermostat-issues-solutions,/thermostats.html,true,legacy-live-route
/ac-thermostat-issues-solutions/,/thermostats.html,true,legacy-live-route
/ac-tune-up,/ac-tune-up.html,true,clean-option-route
/ac-tune-up-eagle-mountain-ut,/ac-tune-up.html,true,legacy-live-route
/ac-tune-up-eagle-mountain-ut/,/ac-tune-up.html,true,legacy-live-route
/ac-tune-up-lehi-ut,/ac-tune-up.html,true,legacy-live-route
/ac-tune-up-lehi-ut/,/ac-tune-up.html,true,legacy-live-route
/ac-tune-up-saratoga-springs-ut,/ac-tune-up.html,true,legacy-live-route
/ac-tune-up-saratoga-springs-ut/,/ac-tune-up.html,true,legacy-live-route
/ac-tune-up/,/ac-tune-up.html,true,clean-option-route
/ac-tune-ups-for-cool-summer,/ac-tune-up.html,true,legacy-live-route
/ac-tune-ups-for-cool-summer/,/ac-tune-up.html,true,legacy-live-route
/ac-unit-freezes-up-in-hot-weather,/ac-repair.html,true,legacy-live-route
/ac-unit-freezes-up-in-hot-weather/,/ac-repair.html,true,legacy-live-route
/accessibility,/accessibility.html,true,clean-option-route
/accessibility/,/accessibility.html,true,clean-option-route
/address-ac-refrigerant-leaks,/ac-repair.html,true,legacy-live-route
/address-ac-refrigerant-leaks/,/ac-repair.html,true,legacy-live-route
/addressing-ac-water-leakage-problems,/ac-repair.html,true,legacy-live-route
/addressing-ac-water-leakage-problems/,/ac-repair.html,true,legacy-live-route
/air-conditioner,/air-conditioner.html,true,clean-option-route
/air-conditioner-inspection-lehi-ut,/air-conditioning.html,true,legacy-live-route
/air-conditioner-inspection-lehi-ut/,/air-conditioning.html,true,legacy-live-route
/air-conditioner-lehi-ut,/air-conditioning.html,true,legacy-live-route
/air-conditioner-lehi-ut/,/air-conditioning.html,true,legacy-live-route
/air-conditioner-repair-eagle-mountain-ut,/ac-repair-eagle-mountain-ut.html,true,legacy-live-route
/air-conditioner-repair-eagle-mountain-ut/,/ac-repair-eagle-mountain-ut.html,true,legacy-live-route
/air-conditioner-repair-lehi-ut,/ac-repair-lehi-ut.html,true,legacy-live-route
/air-conditioner-repair-lehi-ut/,/ac-repair-lehi-ut.html,true,legacy-live-route
/air-conditioner-repair-saratoga-springs-ut,/ac-repair-saratoga-springs-ut.html,true,legacy-live-route
/air-conditioner-repair-saratoga-springs-ut/,/ac-repair-saratoga-springs-ut.html,true,legacy-live-route
/air-conditioner/,/air-conditioner.html,true,clean-option-route
/air-conditioning,/air-conditioning.html,true,clean-option-route
/air-conditioning-eagle-mountain-ut,/ac-installation-eagle-mountain-ut.html,true,legacy-live-route
/air-conditioning-eagle-mountain-ut/,/ac-installation-eagle-mountain-ut.html,true,legacy-live-route
/air-conditioning-heating-discounts-lehi-ut,/air-conditioning.html,true,legacy-live-route
/air-conditioning-heating-discounts-lehi-ut/,/air-conditioning.html,true,legacy-live-route
/air-conditioning-lehi-ut,/air-conditioning.html,true,legacy-live-route
/air-conditioning-lehi-ut/,/air-conditioning.html,true,legacy-live-route
/air-conditioning-repair-lehi-ut,/ac-repair-lehi-ut.html,true,legacy-live-route
/air-conditioning-repair-lehi-ut/,/ac-repair-lehi-ut.html,true,legacy-live-route
/air-conditioning-saratoga-springs-ut,/ac-installation-saratoga-springs-ut.html,true,legacy-live-route
/air-conditioning-saratoga-springs-ut/,/ac-installation-saratoga-springs-ut.html,true,legacy-live-route
/air-conditioning-service-eagle-mountain-ut,/ac-installation-eagle-mountain-ut.html,true,legacy-live-route
/air-conditioning-service-eagle-mountain-ut/,/ac-installation-eagle-mountain-ut.html,true,legacy-live-route
/air-conditioning-services-lehi-ut,/ventilation.html,true,legacy-live-route
/air-conditioning-services-lehi-ut/,/ventilation.html,true,legacy-live-route
/air-conditioning/,/air-conditioning.html,true,clean-option-route
/air-duct-cleaning,/air-duct-cleaning.html,true,clean-option-route
/air-duct-cleaning/,/air-duct-cleaning.html,true,clean-option-route
/air-filter-changeouts-lehi-ut,/air-filters.html,true,legacy-live-route
/air-filter-changeouts-lehi-ut/,/air-filters.html,true,legacy-live-route
/air-filter-installation-lehi-ut,/air-filters.html,true,legacy-live-route
/air-filter-installation-lehi-ut/,/air-filters.html,true,legacy-live-route
/air-filters,/air-filters.html,true,clean-option-route
/air-filters-lehi-ut,/air-filters.html,true,legacy-live-route
/air-filters-lehi-ut/,/air-filters.html,true,legacy-live-route
/air-filters/,/air-filters.html,true,clean-option-route
/air-filtration-electronic-air-cleaners-lehi-ut,/filtration.html,true,legacy-live-route
/air-filtration-electronic-air-cleaners-lehi-ut/,/filtration.html,true,legacy-live-route
/air-filtration-hepa-air-cleaners-lehi-ut,/filtration.html,true,legacy-live-route
/air-filtration-hepa-air-cleaners-lehi-ut/,/filtration.html,true,legacy-live-route
/air-filtration-media-air-cleaners-lehi-ut,/filtration.html,true,legacy-live-route
/air-filtration-media-air-cleaners-lehi-ut/,/filtration.html,true,legacy-live-route
/air-purification-lehi-ut,/air-purifiers.html,true,legacy-live-route
/air-purification-lehi-ut/,/air-purifiers.html,true,legacy-live-route
/air-purifier-installation-lehi-ut,/air-purifiers.html,true,legacy-live-route
/air-purifier-installation-lehi-ut/,/air-purifiers.html,true,legacy-live-route
/air-purifiers,/air-purifiers.html,true,clean-option-route
/air-purifiers-lehi-ut,/air-purifiers.html,true,legacy-live-route
/air-purifiers-lehi-ut/,/air-purifiers.html,true,legacy-live-route
/air-purifiers/,/air-purifiers.html,true,clean-option-route
/air-quality-testing-lehi-ut,/indoor-air-quality.html,true,legacy-live-route
/air-quality-testing-lehi-ut/,/indoor-air-quality.html,true,legacy-live-route
/air-scrubbing-lehi-ut,/air-purifiers.html,true,legacy-live-route
/air-scrubbing-lehi-ut/,/air-purifiers.html,true,legacy-live-route
/all-of-air-express-heating-and-air-conditionings-services,/ventilation.html,true,legacy-live-route
/all-of-air-express-heating-and-air-conditionings-services/,/ventilation.html,true,legacy-live-route
/all-services,/all-services.html,true,clean-option-route
/all-services/,/all-services.html,true,clean-option-route
/allergy-reducers-lehi-ut,/indoor-air-quality.html,true,legacy-live-route
/allergy-reducers-lehi-ut/,/indoor-air-quality.html,true,legacy-live-route
/alpine-ut-air-conditioning-heating-services,/service-area-alpine.html,true,legacy-live-route
/alpine-ut-air-conditioning-heating-services/,/service-area-alpine.html,true,legacy-live-route
/amana,/other-products.html,true,legacy-live-route
/amana/,/other-products.html,true,legacy-live-route
/apply-for-financing-lehi-ut,/financing.html,true,legacy-live-route
/apply-for-financing-lehi-ut/,/financing.html,true,legacy-live-route
/benefits-and-applications-of-ductless-mini-split-systems,/ductless.html,true,legacy-live-route
/benefits-and-applications-of-ductless-mini-split-systems/,/ductless.html,true,legacy-live-route
/bluffdale-ut-air-conditioning-heating-services,/service-area-bluffdale.html,true,legacy-live-route
/bluffdale-ut-air-conditioning-heating-services/,/service-area-bluffdale.html,true,legacy-live-route
/carbon-dioxide-detector-lehi-ut,/other-services-tests.html,true,legacy-live-route
/carbon-dioxide-detector-lehi-ut/,/other-services-tests.html,true,legacy-live-route
/careers,/careers.html,true,clean-option-route
/careers/,/careers.html,true,clean-option-route
/central-air-conditioning-lehi-ut,/air-conditioning.html,true,legacy-live-route
/central-air-conditioning-lehi-ut/,/air-conditioning.html,true,legacy-live-route
/central-heating-lehi-ut,/heating-services.html,true,legacy-live-route
/central-heating-lehi-ut/,/heating-services.html,true,legacy-live-route
/central-hvac-services,/central-hvac-services.html,true,clean-option-route
/central-hvac-services-lehi-ut,/ventilation.html,true,legacy-live-route
/central-hvac-services-lehi-ut/,/ventilation.html,true,legacy-live-route
/central-hvac-services/,/central-hvac-services.html,true,clean-option-route
/central-hvac-systems,/central-hvac-systems.html,true,clean-option-route
/central-hvac-systems/,/central-hvac-systems.html,true,clean-option-route
/choosing-air-filtration-systems-guide,/filtration.html,true,legacy-live-route
/choosing-air-filtration-systems-guide/,/filtration.html,true,legacy-live-route
/client-referrals,/contact.html,true,legacy-live-route
/client-referrals/,/contact.html,true,legacy-live-route
/co2-detectors-lehi-ut,/other-services-tests.html,true,legacy-live-route
/co2-detectors-lehi-ut/,/other-services-tests.html,true,legacy-live-route
/commercial,/commercial.html,true,clean-option-route
/commercial-air-conditioning-heating-lehi-ut,/commercial.html,true,legacy-live-route
/commercial-air-conditioning-heating-lehi-ut/,/commercial.html,true,legacy-live-route
/commercial-buildings-heating-repair-issues,/commercial.html,true,legacy-live-route
/commercial-buildings-heating-repair-issues/,/commercial.html,true,legacy-live-route
/commercial-duct-cleaning-lehi-ut,/commercial.html,true,legacy-live-route
/commercial-duct-cleaning-lehi-ut/,/commercial.html,true,legacy-live-route
/commercial-furnace-replacement-guide,/commercial.html,true,legacy-live-route
/commercial-furnace-replacement-guide/,/commercial.html,true,legacy-live-route
/commercial-heating-repair-considerations,/commercial.html,true,legacy-live-route
/commercial-heating-repair-considerations/,/commercial.html,true,legacy-live-route
/commercial/,/commercial.html,true,clean-option-route
/complete-heating-maintenance-checklist-for-homeowners,/heating-maintenance.html,true,legacy-live-route
/complete-heating-maintenance-checklist-for-homeowners/,/heating-maintenance.html,true,legacy-live-route
/contact,/contact.html,true,legacy-live-route
/contact/,/contact.html,true,legacy-live-route
/control-indoor-humidity-and-the-hair-raising-truth,/indoor-air-quality.html,true,legacy-live-route
/control-indoor-humidity-and-the-hair-raising-truth/,/indoor-air-quality.html,true,legacy-live-route
/creating-a-more-comfortable-and-smarter-home,/resources.html,true,legacy-live-route
/creating-a-more-comfortable-and-smarter-home/,/resources.html,true,legacy-live-route
/daikin,/other-products.html,true,legacy-live-route
/daikin/,/other-products.html,true,legacy-live-route
/dealing-with-uneven-heating-issues,/heating-services.html,true,legacy-live-route
/dealing-with-uneven-heating-issues/,/heating-services.html,true,legacy-live-route
/dehumidifiers,/dehumidifiers.html,true,clean-option-route
/dehumidifiers-lehi-ut,/dehumidifiers.html,true,legacy-live-route
/dehumidifiers-lehi-ut/,/dehumidifiers.html,true,legacy-live-route
/dehumidifiers/,/dehumidifiers.html,true,clean-option-route
/discover-financial-benefits-of-proactive-furnace-repair,/furnace-repair.html,true,legacy-live-route
/discover-financial-benefits-of-proactive-furnace-repair/,/furnace-repair.html,true,legacy-live-route
/draper-ut-air-conditioning-heating-services,/service-area-draper.html,true,legacy-live-route
/draper-ut-air-conditioning-heating-services/,/service-area-draper.html,true,legacy-live-route
/duct-cleaning-lehi-ut,/air-duct-cleaning.html,true,legacy-live-route
/duct-cleaning-lehi-ut/,/air-duct-cleaning.html,true,legacy-live-route
/duct-planning-and-design-lehi-ut,/ductwork.html,true,legacy-live-route
/duct-planning-and-design-lehi-ut/,/ductwork.html,true,legacy-live-route
/duct-repair-lehi-ut,/ductwork.html,true,legacy-live-route
/duct-repair-lehi-ut/,/ductwork.html,true,legacy-live-route
/duct-replacement-lehi-ut,/ductwork.html,true,legacy-live-route
/duct-replacement-lehi-ut/,/ductwork.html,true,legacy-live-route
/duct-sealing-lehi-ut,/ductwork.html,true,legacy-live-route
/duct-sealing-lehi-ut/,/ductwork.html,true,legacy-live-route
/duct-work-lehi-ut,/ductwork.html,true,legacy-live-route
/duct-work-lehi-ut/,/ductwork.html,true,legacy-live-route
/ducting,/ducting.html,true,clean-option-route
/ducting-lehi-ut,/ductwork.html,true,legacy-live-route
/ducting-lehi-ut/,/ductwork.html,true,legacy-live-route
/ducting/,/ducting.html,true,clean-option-route
/ductless,/ductless.html,true,clean-option-route
/ductless-ac-installation-lehi-ut,/ductless.html,true,legacy-live-route
/ductless-ac-installation-lehi-ut/,/ductless.html,true,legacy-live-route
/ductless-ac-repair-lehi-ut,/ductless.html,true,legacy-live-route
/ductless-ac-repair-lehi-ut/,/ductless.html,true,legacy-live-route
/ductless-ac-replacement-lehi-ut,/ductless.html,true,legacy-live-route
/ductless-ac-replacement-lehi-ut/,/ductless.html,true,legacy-live-route
/ductless-ac-service-lehi-ut,/ductless.html,true,legacy-live-route
/ductless-ac-service-lehi-ut/,/ductless.html,true,legacy-live-route
/ductless-air-conditioner-inspection-lehi-ut,/ductless.html,true,legacy-live-route
/ductless-air-conditioner-inspection-lehi-ut/,/ductless.html,true,legacy-live-route
/ductless-air-conditioning-maintenance-lehi-ut,/ductless.html,true,legacy-live-route
/ductless-air-conditioning-maintenance-lehi-ut/,/ductless.html,true,legacy-live-route
/ductless-air-conditioning-tune-up-lehi-ut,/ductless.html,true,legacy-live-route
/ductless-air-conditioning-tune-up-lehi-ut/,/ductless.html,true,legacy-live-route
/ductless-heater-inspection-lehi-ut,/ductless.html,true,legacy-live-route
/ductless-heater-inspection-lehi-ut/,/ductless.html,true,legacy-live-route
/ductless-heater-maintenance-lehi-ut,/ductless.html,true,legacy-live-route
/ductless-heater-maintenance-lehi-ut/,/ductless.html,true,legacy-live-route
/ductless-heater-tune-up-lehi-ut,/ductless.html,true,legacy-live-route
/ductless-heater-tune-up-lehi-ut/,/ductless.html,true,legacy-live-route
/ductless-heating-installation-lehi-ut,/ductless.html,true,legacy-live-route
/ductless-heating-installation-lehi-ut/,/ductless.html,true,legacy-live-route
/ductless-heating-repair-lehi-ut,/ductless.html,true,legacy-live-route
/ductless-heating-repair-lehi-ut/,/ductless.html,true,legacy-live-route
/ductless-heating-replacement-lehi-ut,/ductless.html,true,legacy-live-route
/ductless-heating-replacement-lehi-ut/,/ductless.html,true,legacy-live-route
/ductless-heating-service-lehi-ut,/ductless.html,true,legacy-live-route
/ductless-heating-service-lehi-ut/,/ductless.html,true,legacy-live-route
/ductless-services-lehi-ut,/ventilation.html,true,legacy-live-route
/ductless-services-lehi-ut/,/ventilation.html,true,legacy-live-route
/ductless/,/ductless.html,true,clean-option-route
/ductwork,/ductwork.html,true,clean-option-route
/ductwork-installation-lehi-ut,/ductwork.html,true,legacy-live-route
/ductwork-installation-lehi-ut/,/ductwork.html,true,legacy-live-route
/ductwork-repair-lehi-ut,/ductwork.html,true,legacy-live-route
/ductwork-repair-lehi-ut/,/ductwork.html,true,legacy-live-route
/ductwork-replacement-lehi-ut,/ductwork.html,true,legacy-live-route
/ductwork-replacement-lehi-ut/,/ductwork.html,true,legacy-live-route
/ductwork/,/ductwork.html,true,clean-option-route
/eagle-mountain-ut-air-conditioning-heating-services,/service-area-eagle-mountain.html,true,legacy-live-route
/eagle-mountain-ut-air-conditioning-heating-services/,/service-area-eagle-mountain.html,true,legacy-live-route
/early-warning-signs-of-ac-failure,/ac-repair.html,true,legacy-live-route
/early-warning-signs-of-ac-failure/,/ac-repair.html,true,legacy-live-route
/effective-duct-work-solutions,/ductwork.html,true,legacy-live-route
/effective-duct-work-solutions/,/ductwork.html,true,legacy-live-route
/effective-ventilation-strategies,/ventilation.html,true,legacy-live-route
/effective-ventilation-strategies/,/ventilation.html,true,legacy-live-route
/efficient-commercial-hvac-installation,/commercial.html,true,legacy-live-route
/efficient-commercial-hvac-installation/,/commercial.html,true,legacy-live-route
/efficient-furnace-replacement-solution,/heating-replacement.html,true,legacy-live-route
/efficient-furnace-replacement-solution/,/heating-replacement.html,true,legacy-live-route
/electric,/other-products.html,true,legacy-live-route
/electric-furnace-inspection-lehi-ut,/heating-services.html,true,legacy-live-route
/electric-furnace-inspection-lehi-ut/,/heating-services.html,true,legacy-live-route
/electric-furnace-installation-lehi-ut,/heating-installation.html,true,legacy-live-route
/electric-furnace-installation-lehi-ut/,/heating-installation.html,true,legacy-live-route
/electric-furnace-lehi-ut,/heating-services.html,true,legacy-live-route
/electric-furnace-lehi-ut/,/heating-services.html,true,legacy-live-route
/electric-furnace-maintenance-lehi-ut,/heating-maintenance.html,true,legacy-live-route
/electric-furnace-maintenance-lehi-ut/,/heating-maintenance.html,true,legacy-live-route
/electric-furnace-repair-lehi-ut,/furnace-repair.html,true,legacy-live-route
/electric-furnace-repair-lehi-ut/,/furnace-repair.html,true,legacy-live-route
/electric-furnace-replacement-lehi-ut,/heating-replacement.html,true,legacy-live-route
/electric-furnace-replacement-lehi-ut/,/heating-replacement.html,true,legacy-live-route
/electric-furnace-service-lehi-ut,/ventilation.html,true,legacy-live-route
/electric-furnace-service-lehi-ut/,/ventilation.html,true,legacy-live-route
/electric-furnace-tune-up-lehi-ut,/heating-tune-up.html,true,legacy-live-route
/electric-furnace-tune-up-lehi-ut/,/heating-tune-up.html,true,legacy-live-route
/electric/,/other-products.html,true,legacy-live-route
/eliminating-musty-ac-odors,/ac-repair.html,true,legacy-live-route
/eliminating-musty-ac-odors/,/ac-repair.html,true,legacy-live-route
/emergency,/emergency.html,true,clean-option-route
/emergency-air-conditioner-repair-lehi-ut,/ac-repair.html,true,legacy-live-route
/emergency-air-conditioner-repair-lehi-ut/,/ac-repair.html,true,legacy-live-route
/emergency-furnace-repair-lehi-ut,/furnace-repair.html,true,legacy-live-route
/emergency-furnace-repair-lehi-ut/,/furnace-repair.html,true,legacy-live-route
/emergency-heat-pump-repair-lehi-ut,/heat-pump.html,true,legacy-live-route
/emergency-heat-pump-repair-lehi-ut/,/heat-pump.html,true,legacy-live-route
/emergency-heater-repair-lehi-ut,/furnace-repair.html,true,legacy-live-route
/emergency-heater-repair-lehi-ut/,/furnace-repair.html,true,legacy-live-route
/emergency/,/emergency.html,true,clean-option-route
/energy-audit-lehi-ut,/energy-efficiency.html,true,legacy-live-route
/energy-audit-lehi-ut/,/energy-efficiency.html,true,legacy-live-route
/energy-efficiency,/energy-efficiency.html,true,clean-option-route
/energy-efficiency-lehi-ut,/energy-efficiency.html,true,legacy-live-route
/energy-efficiency-lehi-ut/,/energy-efficiency.html,true,legacy-live-route
/energy-efficiency/,/energy-efficiency.html,true,clean-option-route
/energy-efficient-air-conditioners-lehi-ut,/energy-efficiency.html,true,legacy-live-route
/energy-efficient-air-conditioners-lehi-ut/,/energy-efficiency.html,true,legacy-live-route
/energy-efficient-heater-lehi-ut,/energy-efficiency.html,true,legacy-live-route
/energy-efficient-heater-lehi-ut/,/energy-efficiency.html,true,legacy-live-route
/energy-efficient-hvac-systems-lehi-ut,/energy-efficiency.html,true,legacy-live-route
/energy-efficient-hvac-systems-lehi-ut/,/energy-efficiency.html,true,legacy-live-route
/evaporative-humidifiers-lehi-ut,/humidification.html,true,legacy-live-route
/evaporative-humidifiers-lehi-ut/,/humidification.html,true,legacy-live-route
/expert-commercial-heating-repair,/commercial.html,true,legacy-live-route
/expert-commercial-heating-repair/,/commercial.html,true,legacy-live-route
/expert-tips-for-your-heating-system-installation-success,/heating-installation.html,true,legacy-live-route
/expert-tips-for-your-heating-system-installation-success/,/heating-installation.html,true,legacy-live-route
/exploring-the-advantages-of-ductless-mini-split,/ductless.html,true,legacy-live-route
/exploring-the-advantages-of-ductless-mini-split/,/ductless.html,true,legacy-live-route
/fall-furnace-maintenance,/fall-furnace-maintenance.html,true,clean-option-route
/fall-furnace-maintenance/,/fall-furnace-maintenance.html,true,clean-option-route
/faq,/faq.html,true,clean-option-route
/faq/,/faq.html,true,clean-option-route
/faqs,/faq.html,true,legacy-live-route
/faqs/,/faq.html,true,legacy-live-route
/filtration,/filtration.html,true,clean-option-route
/filtration-services-lehi-ut,/filtration.html,true,legacy-live-route
/filtration-services-lehi-ut/,/filtration.html,true,legacy-live-route
/filtration/,/filtration.html,true,clean-option-route
/financing,/financing.html,true,clean-option-route
/financing/,/financing.html,true,clean-option-route
/fireplace,/fireplace.html,true,clean-option-route
/fireplace/,/fireplace.html,true,clean-option-route
/fix-hvac-system-when-it-stops-working,/hvac-troubleshooter.html,true,legacy-live-route
/fix-hvac-system-when-it-stops-working/,/hvac-troubleshooter.html,true,legacy-live-route
/furnace,/furnace.html,true,clean-option-route
/furnace-inspection-lehi-ut,/heating-services.html,true,legacy-live-route
/furnace-inspection-lehi-ut/,/heating-services.html,true,legacy-live-route
/furnace-installation,/furnace-installation.html,true,clean-option-route
/furnace-installation-lehi-ut,/heating-installation.html,true,legacy-live-route
/furnace-installation-lehi-ut/,/heating-installation.html,true,legacy-live-route
/furnace-installation/,/furnace-installation.html,true,clean-option-route
/furnace-maintenance,/furnace-maintenance.html,true,clean-option-route
/furnace-maintenance-lehi-ut,/heating-maintenance.html,true,legacy-live-route
/furnace-maintenance-lehi-ut/,/heating-maintenance.html,true,legacy-live-route
/furnace-maintenance/,/furnace-maintenance.html,true,clean-option-route
/furnace-repair,/furnace-repair.html,true,clean-option-route
/furnace-repair-eagle-mountain-ut,/furnace-repair-eagle-mountain-ut.html,true,clean-option-route
/furnace-repair-eagle-mountain-ut/,/furnace-repair-eagle-mountain-ut.html,true,clean-option-route
/furnace-repair-lehi-ut,/furnace-repair-lehi-ut.html,true,legacy-live-route
/furnace-repair-lehi-ut/,/furnace-repair-lehi-ut.html,true,legacy-live-route
/furnace-repair-orem-ut,/furnace-repair-orem-ut.html,true,clean-option-route
/furnace-repair-orem-ut/,/furnace-repair-orem-ut.html,true,clean-option-route
/furnace-repair-sandy-ut,/furnace-repair-sandy-ut.html,true,clean-option-route
/furnace-repair-sandy-ut/,/furnace-repair-sandy-ut.html,true,clean-option-route
/furnace-repair-saratoga-springs-ut,/furnace-repair-saratoga-springs-ut.html,true,clean-option-route
/furnace-repair-saratoga-springs-ut/,/furnace-repair-saratoga-springs-ut.html,true,clean-option-route
/furnace-repair/,/furnace-repair.html,true,clean-option-route
/furnace-replacement-eagle-mountain-ut,/heating-replacement.html,true,legacy-live-route
/furnace-replacement-eagle-mountain-ut/,/heating-replacement.html,true,legacy-live-route
/furnace-replacement-enhances-comfort,/heating-replacement.html,true,legacy-live-route
/furnace-replacement-enhances-comfort/,/heating-replacement.html,true,legacy-live-route
/furnace-replacement-for-homes,/heating-replacement.html,true,legacy-live-route
/furnace-replacement-for-homes/,/heating-replacement.html,true,legacy-live-route
/furnace-replacement-lehi-ut,/heating-replacement.html,true,legacy-live-route
/furnace-replacement-lehi-ut/,/heating-replacement.html,true,legacy-live-route
/furnace-services-lehi-ut,/ventilation.html,true,legacy-live-route
/furnace-services-lehi-ut/,/ventilation.html,true,legacy-live-route
/furnace-tune-up-lehi-ut,/heating-tune-up.html,true,legacy-live-route
/furnace-tune-up-lehi-ut/,/heating-tune-up.html,true,legacy-live-route
/furnace/,/furnace.html,true,clean-option-route
/gain-insight-into-heat-pumps,/heat-pump.html,true,legacy-live-route
/gain-insight-into-heat-pumps/,/heat-pump.html,true,legacy-live-route
/gas-lines,/gas-lines.html,true,clean-option-route
/gas-lines-in-lehi-ut,/gas-lines.html,true,legacy-live-route
/gas-lines-in-lehi-ut/,/gas-lines.html,true,legacy-live-route
/gas-lines/,/gas-lines.html,true,clean-option-route
/geothermal-guide,/geothermal-guide.html,true,clean-option-route
/geothermal-guide/,/geothermal-guide.html,true,clean-option-route
/getting-your-ac-ready-for-summer,/ac-maintenance.html,true,legacy-live-route
/getting-your-ac-ready-for-summer/,/ac-maintenance.html,true,legacy-live-route
/goodman,/other-products.html,true,legacy-live-route
/goodman/,/other-products.html,true,legacy-live-route
/handling-emergency-ac-repair,/ac-repair.html,true,legacy-live-route
/handling-emergency-ac-repair/,/ac-repair.html,true,legacy-live-route
/heat-pump,/heat-pump.html,true,clean-option-route
/heat-pump-inspection-lehi-ut,/heat-pump.html,true,legacy-live-route
/heat-pump-inspection-lehi-ut/,/heat-pump.html,true,legacy-live-route
/heat-pump-installation-lehi-ut,/heat-pump.html,true,legacy-live-route
/heat-pump-installation-lehi-ut/,/heat-pump.html,true,legacy-live-route
/heat-pump-maintenance-lehi-ut,/heat-pump.html,true,legacy-live-route
/heat-pump-maintenance-lehi-ut/,/heat-pump.html,true,legacy-live-route
/heat-pump-repair-lehi-ut,/heat-pump.html,true,legacy-live-route
/heat-pump-repair-lehi-ut/,/heat-pump.html,true,legacy-live-route
/heat-pump-replacement-lehi-ut,/heat-pump.html,true,legacy-live-route
/heat-pump-replacement-lehi-ut/,/heat-pump.html,true,legacy-live-route
/heat-pump-services-lehi-ut,/ventilation.html,true,legacy-live-route
/heat-pump-services-lehi-ut/,/ventilation.html,true,legacy-live-route
/heat-pump-tune-up-lehi-ut,/heat-pump.html,true,legacy-live-route
/heat-pump-tune-up-lehi-ut/,/heat-pump.html,true,legacy-live-route
/heat-pump-vs-furnace,/heat-pump-vs-furnace.html,true,clean-option-route
/heat-pump-vs-furnace/,/heat-pump-vs-furnace.html,true,clean-option-route
/heat-pump/,/heat-pump.html,true,clean-option-route
/heater-inspection,/heater-inspection.html,true,clean-option-route
/heater-inspection-lehi-ut,/heating-services.html,true,legacy-live-route
/heater-inspection-lehi-ut/,/heating-services.html,true,legacy-live-route
/heater-inspection/,/heater-inspection.html,true,clean-option-route
/heaters,/heaters.html,true,clean-option-route
/heaters-lehi-ut,/heating-services.html,true,legacy-live-route
/heaters-lehi-ut/,/heating-services.html,true,legacy-live-route
/heaters/,/heaters.html,true,clean-option-route
/heating-installation,/heating-installation.html,true,clean-option-route
/heating-installation-eagle-mountain-ut,/heating-installation-eagle-mountain-ut.html,true,clean-option-route
/heating-installation-eagle-mountain-ut/,/heating-installation-eagle-mountain-ut.html,true,clean-option-route
/heating-installation-lehi-ut,/heating-installation-lehi-ut.html,true,legacy-live-route
/heating-installation-lehi-ut/,/heating-installation-lehi-ut.html,true,legacy-live-route
/heating-installation-orem-ut,/heating-installation-orem-ut.html,true,clean-option-route
/heating-installation-orem-ut/,/heating-installation-orem-ut.html,true,clean-option-route
/heating-installation-sandy-ut,/heating-installation-sandy-ut.html,true,clean-option-route
/heating-installation-sandy-ut/,/heating-installation-sandy-ut.html,true,clean-option-route
/heating-installation-saratoga-springs-ut,/heating-installation-saratoga-springs-ut.html,true,clean-option-route
/heating-installation-saratoga-springs-ut/,/heating-installation-saratoga-springs-ut.html,true,clean-option-route
/heating-installation/,/heating-installation.html,true,clean-option-route
/heating-maintenance,/heating-maintenance.html,true,clean-option-route
/heating-maintenance-lehi-ut,/heating-maintenance.html,true,legacy-live-route
/heating-maintenance-lehi-ut/,/heating-maintenance.html,true,legacy-live-route
/heating-maintenance/,/heating-maintenance.html,true,clean-option-route
/heating-repair,/heating-repair.html,true,clean-option-route
/heating-repair-lehi-ut,/heating-repair-lehi-ut.html,true,legacy-live-route
/heating-repair-lehi-ut/,/heating-repair-lehi-ut.html,true,legacy-live-route
/heating-repair/,/heating-repair.html,true,clean-option-route
/heating-replacement,/heating-replacement.html,true,clean-option-route
/heating-replacement-lehi-ut,/heating-replacement.html,true,legacy-live-route
/heating-replacement-lehi-ut/,/heating-replacement.html,true,legacy-live-route
/heating-replacement/,/heating-replacement.html,true,clean-option-route
/heating-service-lehi-ut,/ventilation.html,true,legacy-live-route
/heating-service-lehi-ut/,/ventilation.html,true,legacy-live-route
/heating-services,/heating-services.html,true,clean-option-route
/heating-services-saratoga-springs-ut,/heating-services-saratoga-springs-ut.html,true,legacy-live-route
/heating-services-saratoga-springs-ut/,/heating-services-saratoga-springs-ut.html,true,legacy-live-route
/heating-services/,/heating-services.html,true,clean-option-route
/heating-tune-up,/heating-tune-up.html,true,clean-option-route
/heating-tune-up-lehi-ut,/heating-tune-up.html,true,legacy-live-route
/heating-tune-up-lehi-ut/,/heating-tune-up.html,true,legacy-live-route
/heating-tune-up/,/heating-tune-up.html,true,clean-option-route
/highland-ut-air-conditioning-heating-services,/service-area-highland.html,true,legacy-live-route
/highland-ut-air-conditioning-heating-services/,/service-area-highland.html,true,legacy-live-route
/home-furnace-replacement-by-technicians,/heating-replacement.html,true,legacy-live-route
/home-furnace-replacement-by-technicians/,/heating-replacement.html,true,legacy-live-route
/home-performance-testing-lehi-ut,/other-services-tests.html,true,legacy-live-route
/home-performance-testing-lehi-ut/,/other-services-tests.html,true,legacy-live-route
/hood-vent-installation-lehi-ut,/ventilation.html,true,legacy-live-route
/hood-vent-installation-lehi-ut/,/ventilation.html,true,legacy-live-route
/how-to-choose-the-best-air-purifiers,/air-purifiers.html,true,legacy-live-route
/how-to-choose-the-best-air-purifiers/,/air-purifiers.html,true,legacy-live-route
/humidification,/humidification.html,true,clean-option-route
/humidification/,/humidification.html,true,clean-option-route
/humidifiers-lehi-ut,/humidification.html,true,legacy-live-route
/humidifiers-lehi-ut/,/humidification.html,true,legacy-live-route
/hvac-blog,/hvac-blog.html,true,legacy-live-route
/hvac-blog/,/hvac-blog.html,true,legacy-live-route
/hvac-buying-guide,/hvac-buying-guide.html,true,clean-option-route
/hvac-buying-guide/,/hvac-buying-guide.html,true,clean-option-route
/hvac-company,/hvac-company.html,true,clean-option-route
/hvac-company/,/hvac-company.html,true,clean-option-route
/hvac-cost-guide,/hvac-cost-guide.html,true,clean-option-route
/hvac-cost-guide/,/hvac-cost-guide.html,true,clean-option-route
/hvac-financing-lehi-ut,/financing.html,true,legacy-live-route
/hvac-financing-lehi-ut/,/financing.html,true,legacy-live-route
/hvac-humidification-services-lehi-ut,/ventilation.html,true,legacy-live-route
/hvac-humidification-services-lehi-ut/,/ventilation.html,true,legacy-live-route
/hvac-installation,/hvac-installation.html,true,clean-option-route
/hvac-installation-for-commercial-efficiency,/commercial.html,true,legacy-live-route
/hvac-installation-for-commercial-efficiency/,/commercial.html,true,legacy-live-route
/hvac-installation/,/hvac-installation.html,true,clean-option-route
/hvac-near-me,/hvac-near-me.html,true,legacy-live-route
/hvac-near-me/,/hvac-near-me.html,true,legacy-live-route
/hvac-repair,/hvac-repair.html,true,clean-option-route
/hvac-repair/,/hvac-repair.html,true,clean-option-route
/hvac-service,/hvac-service.html,true,clean-option-route
/hvac-service-eagle-mountain-ut,/ventilation.html,true,legacy-live-route
/hvac-service-eagle-mountain-ut/,/ventilation.html,true,legacy-live-route
/hvac-service-lehi-ut,/ventilation.html,true,legacy-live-route
/hvac-service-lehi-ut/,/ventilation.html,true,legacy-live-route
/hvac-service/,/hvac-service.html,true,clean-option-route
/hvac-system-short-cycling-causes,/hvac-troubleshooter.html,true,legacy-live-route
/hvac-system-short-cycling-causes/,/hvac-troubleshooter.html,true,legacy-live-route
/hvac-terminology,/hvac-terminology.html,true,clean-option-route
/hvac-terminology/,/hvac-terminology.html,true,clean-option-route
/hvac-troubleshooter,/hvac-troubleshooter.html,true,legacy-live-route
/hvac-troubleshooter/,/hvac-troubleshooter.html,true,legacy-live-route
/identifying-strange-hvac-odors,/hvac-troubleshooter.html,true,legacy-live-route
/identifying-strange-hvac-odors/,/hvac-troubleshooter.html,true,legacy-live-route
/importance-regular-ac-maintenance,/ac-maintenance.html,true,legacy-live-route
/importance-regular-ac-maintenance/,/ac-maintenance.html,true,legacy-live-route
/important-things-for-ac-installation-for-your-living-space,/air-conditioning.html,true,legacy-live-route
/important-things-for-ac-installation-for-your-living-space/,/air-conditioning.html,true,legacy-live-route
/incorrect-hvac-sizing-solutions,/hvac-buying-guide.html,true,legacy-live-route
/incorrect-hvac-sizing-solutions/,/hvac-buying-guide.html,true,legacy-live-route
/indoor-air-quality,/indoor-air-quality.html,true,clean-option-route
/indoor-air-quality-and-whole-home-ventilation,/indoor-air-quality.html,true,legacy-live-route
/indoor-air-quality-and-whole-home-ventilation/,/indoor-air-quality.html,true,legacy-live-route
/indoor-air-quality-lehi-ut,/indoor-air-quality.html,true,legacy-live-route
/indoor-air-quality-lehi-ut/,/indoor-air-quality.html,true,legacy-live-route
/indoor-air-quality/,/indoor-air-quality.html,true,clean-option-route
/installing-a-whole-home-ventilation-system,/ventilation.html,true,legacy-live-route
/installing-a-whole-home-ventilation-system/,/ventilation.html,true,legacy-live-route
/integrating-whole-house-air-purification,/air-purifiers.html,true,legacy-live-route
/integrating-whole-house-air-purification/,/air-purifiers.html,true,legacy-live-route
/key-role-of-uv-light-systems,/air-purifiers.html,true,legacy-live-route
/key-role-of-uv-light-systems/,/air-purifiers.html,true,legacy-live-route
/lehi-ut-air-conditioning-heating-services,/service-area-lehi.html,true,legacy-live-route
/lehi-ut-air-conditioning-heating-services/,/service-area-lehi.html,true,legacy-live-route
/light-commercial,/light-commercial.html,true,clean-option-route
/light-commercial-air-conditioning-and-heating-lehi-ut,/light-commercial.html,true,legacy-live-route
/light-commercial-air-conditioning-and-heating-lehi-ut/,/light-commercial.html,true,legacy-live-route
/light-commercial-furnace-replacement-benefits,/light-commercial.html,true,legacy-live-route
/light-commercial-furnace-replacement-benefits/,/light-commercial.html,true,legacy-live-route
/light-commercial-hvac-service,/light-commercial.html,true,legacy-live-route
/light-commercial-hvac-service/,/light-commercial.html,true,legacy-live-route
/light-commercial-hvac-services-efficiency,/light-commercial.html,true,legacy-live-route
/light-commercial-hvac-services-efficiency/,/light-commercial.html,true,legacy-live-route
/light-commercial-properties-heating-repair,/light-commercial.html,true,legacy-live-route
/light-commercial-properties-heating-repair/,/light-commercial.html,true,legacy-live-route
/light-commercial/,/light-commercial.html,true,clean-option-route
/maintain-indoor-air-quality-with-hvac-care,/indoor-air-quality.html,true,legacy-live-route
/maintain-indoor-air-quality-with-hvac-care/,/indoor-air-quality.html,true,legacy-live-route
/maintenance-plan,/maintenance-plan.html,true,clean-option-route
/maintenance-plan/,/maintenance-plan.html,true,clean-option-route
/maximize-your-hvac-system-efficiency,/energy-efficiency.html,true,legacy-live-route
/maximize-your-hvac-system-efficiency/,/energy-efficiency.html,true,legacy-live-route
/mini-split,/mini-split.html,true,clean-option-route
/mini-split/,/mini-split.html,true,clean-option-route
/multifamily,/multifamily.html,true,clean-option-route
/multifamily-air-conditioning-and-heating-lehi-ut,/multifamily.html,true,legacy-live-route
/multifamily-air-conditioning-and-heating-lehi-ut/,/multifamily.html,true,legacy-live-route
/multifamily-buildings-ac-repairs,/multifamily.html,true,legacy-live-route
/multifamily-buildings-ac-repairs/,/multifamily.html,true,legacy-live-route
/multifamily-heating-repair,/multifamily.html,true,legacy-live-route
/multifamily-heating-repair/,/multifamily.html,true,legacy-live-route
/multifamily/,/multifamily.html,true,clean-option-route
/necessary-residential-furnace-replacement,/residential.html,true,legacy-live-route
/necessary-residential-furnace-replacement/,/residential.html,true,legacy-live-route
/new-construction,/new-construction.html,true,clean-option-route
/new-construction-hvac-lehi-ut,/new-construction.html,true,legacy-live-route
/new-construction-hvac-lehi-ut/,/new-construction.html,true,legacy-live-route
/new-construction-hvac-repair,/new-construction.html,true,legacy-live-route
/new-construction-hvac-repair/,/new-construction.html,true,legacy-live-route
/new-construction-projects-heating-repair,/new-construction.html,true,legacy-live-route
/new-construction-projects-heating-repair/,/new-construction.html,true,legacy-live-route
/new-construction/,/new-construction.html,true,clean-option-route
/newsletter-promotions-sign-up,/specials.html,true,legacy-live-route
/newsletter-promotions-sign-up/,/specials.html,true,legacy-live-route
/optimize-ac-efficiency-thermostat-tips,/thermostats.html,true,legacy-live-route
/optimize-ac-efficiency-thermostat-tips/,/thermostats.html,true,legacy-live-route
/orem-ut-air-conditioning-heating-services,/service-area-orem.html,true,legacy-live-route
/orem-ut-air-conditioning-heating-services/,/service-area-orem.html,true,legacy-live-route
/other-products,/other-products.html,true,clean-option-route
/other-products-lehi-ut,/ductwork.html,true,legacy-live-route
/other-products-lehi-ut/,/ductwork.html,true,legacy-live-route
/other-products/,/other-products.html,true,clean-option-route
/other-services,/other-services.html,true,clean-option-route
/other-services-and-tests-lehi-ut,/other-services-tests.html,true,legacy-live-route
/other-services-and-tests-lehi-ut/,/other-services-tests.html,true,legacy-live-route
/other-services-lehi-ut,/other-services.html,true,legacy-live-route
/other-services-lehi-ut/,/other-services.html,true,legacy-live-route
/other-services-tests,/other-services-tests.html,true,clean-option-route
/other-services-tests/,/other-services-tests.html,true,clean-option-route
/other-services/,/other-services.html,true,clean-option-route
/pleasant-grove-ut-air-conditioning-heating-services,/service-area-pleasant-grove.html,true,legacy-live-route
/pleasant-grove-ut-air-conditioning-heating-services/,/service-area-pleasant-grove.html,true,legacy-live-route
/preventive-commercial-heating-repair,/commercial.html,true,legacy-live-route
/preventive-commercial-heating-repair/,/commercial.html,true,legacy-live-route
/privacy-policy,/privacy-policy.html,true,clean-option-route
/privacy-policy/,/privacy-policy.html,true,clean-option-route
/professional-ac-compressor-repair-solution,/ac-repair.html,true,legacy-live-route
/professional-ac-compressor-repair-solution/,/ac-repair.html,true,legacy-live-route
/professional-ac-maintenance-benefits,/ac-maintenance.html,true,legacy-live-route
/professional-ac-maintenance-benefits/,/ac-maintenance.html,true,legacy-live-route
/professional-hvac-installation-advantages,/hvac-installation.html,true,legacy-live-route
/professional-hvac-installation-advantages/,/hvac-installation.html,true,legacy-live-route
/proper-hvac-system-upgrades-and-maintenance,/maintenance-plan.html,true,legacy-live-route
/proper-hvac-system-upgrades-and-maintenance/,/maintenance-plan.html,true,legacy-live-route
/provo-ut-air-conditioning-heating-services,/service-area-provo.html,true,legacy-live-route
/provo-ut-air-conditioning-heating-services/,/service-area-provo.html,true,legacy-live-route
/reliable-hvac-repair-services,/ventilation.html,true,legacy-live-route
/reliable-hvac-repair-services/,/ventilation.html,true,legacy-live-route
/request-estimate,/request-estimate.html,true,legacy-live-route
/request-estimate/,/request-estimate.html,true,legacy-live-route
/residential,/residential.html,true,clean-option-route
/residential-air-conditioning-heating-lehi-ut,/residential.html,true,legacy-live-route
/residential-air-conditioning-heating-lehi-ut/,/residential.html,true,legacy-live-route
/residential-heating-repair-keep-home-cozy,/residential.html,true,legacy-live-route
/residential-heating-repair-keep-home-cozy/,/residential.html,true,legacy-live-route
/residential-heating-repair-services,/residential.html,true,legacy-live-route
/residential-heating-repair-services/,/residential.html,true,legacy-live-route
/residential/,/residential.html,true,clean-option-route
/resources,/resources.html,true,clean-option-route
/resources/,/resources.html,true,clean-option-route
/reviews,/reviews.html,true,legacy-live-route
/reviews/,/reviews.html,true,legacy-live-route
/right-thermostat-for-your-heating-system,/thermostats.html,true,legacy-live-route
/right-thermostat-for-your-heating-system/,/thermostats.html,true,legacy-live-route
/role-of-proper-ventilation,/ventilation.html,true,legacy-live-route
/role-of-proper-ventilation/,/ventilation.html,true,legacy-live-route
/sandy-ut-air-conditioning-heating-services,/service-area-sandy.html,true,legacy-live-route
/sandy-ut-air-conditioning-heating-services/,/service-area-sandy.html,true,legacy-live-route
/saratoga-springs-ut-air-conditioning-heating-services,/service-area-saratoga-springs.html,true,legacy-live-route
/saratoga-springs-ut-air-conditioning-heating-services/,/service-area-saratoga-springs.html,true,legacy-live-route
/save-energy-heating-effective-ways-to-upgrade-your-system,/energy-efficiency.html,true,legacy-live-route
/save-energy-heating-effective-ways-to-upgrade-your-system/,/energy-efficiency.html,true,legacy-live-route
/schedule-annual-ac-maintenance-best-time,/ac-maintenance.html,true,legacy-live-route
/schedule-annual-ac-maintenance-best-time/,/ac-maintenance.html,true,legacy-live-route
/schedule-hvac-service,/schedule-service.html,true,legacy-live-route
/schedule-hvac-service/,/schedule-service.html,true,legacy-live-route
/schedule-service,/schedule-service.html,true,clean-option-route
/schedule-service/,/schedule-service.html,true,clean-option-route
/seer-calculator,/seer-calculator.html,true,clean-option-route
/seer-calculator/,/seer-calculator.html,true,clean-option-route
/service-area-alpine,/service-area-alpine.html,true,clean-option-route
/service-area-alpine/,/service-area-alpine.html,true,clean-option-route
/service-area-american-fork,/service-area-american-fork.html,true,clean-option-route
/service-area-american-fork/,/service-area-american-fork.html,true,clean-option-route
/service-area-bluffdale,/service-area-bluffdale.html,true,clean-option-route
/service-area-bluffdale/,/service-area-bluffdale.html,true,clean-option-route
/service-area-draper,/service-area-draper.html,true,clean-option-route
/service-area-draper/,/service-area-draper.html,true,clean-option-route
/service-area-eagle-mountain,/service-area-eagle-mountain.html,true,clean-option-route
/service-area-eagle-mountain/,/service-area-eagle-mountain.html,true,clean-option-route
/service-area-highland,/service-area-highland.html,true,clean-option-route
/service-area-highland/,/service-area-highland.html,true,clean-option-route
/service-area-lehi,/service-area-lehi.html,true,clean-option-route
/service-area-lehi/,/service-area-lehi.html,true,clean-option-route
/service-area-orem,/service-area-orem.html,true,clean-option-route
/service-area-orem/,/service-area-orem.html,true,clean-option-route
/service-area-pleasant-grove,/service-area-pleasant-grove.html,true,clean-option-route
/service-area-pleasant-grove/,/service-area-pleasant-grove.html,true,clean-option-route
/service-area-provo,/service-area-provo.html,true,clean-option-route
/service-area-provo/,/service-area-provo.html,true,clean-option-route
/service-area-sandy,/service-area-sandy.html,true,clean-option-route
/service-area-sandy/,/service-area-sandy.html,true,clean-option-route
/service-area-saratoga-springs,/service-area-saratoga-springs.html,true,clean-option-route
/service-area-saratoga-springs/,/service-area-saratoga-springs.html,true,clean-option-route
/service-area-south-jordan,/service-area-south-jordan.html,true,clean-option-route
/service-area-south-jordan/,/service-area-south-jordan.html,true,clean-option-route
/service-area-west-jordan,/service-area-west-jordan.html,true,clean-option-route
/service-area-west-jordan/,/service-area-west-jordan.html,true,clean-option-route
/service-areas,/service-areas.html,true,clean-option-route
/service-areas/,/service-areas.html,true,clean-option-route
/significance-of-air-filter-installation,/air-filters.html,true,legacy-live-route
/significance-of-air-filter-installation/,/air-filters.html,true,legacy-live-route
/signs-hvac-system-needs-repair,/hvac-repair.html,true,legacy-live-route
/signs-hvac-system-needs-repair/,/hvac-repair.html,true,legacy-live-route
/signs-residential-ac-needs-repair,/residential.html,true,legacy-live-route
/signs-residential-ac-needs-repair/,/residential.html,true,legacy-live-route
/sitemap,/all-services.html,true,legacy-live-route
/sitemap/,/all-services.html,true,legacy-live-route
/smart-thermostats-lehi-ut,/thermostats.html,true,legacy-live-route
/smart-thermostats-lehi-ut/,/thermostats.html,true,legacy-live-route
/south-jordan-ut-air-conditioning-heating-services,/service-area-south-jordan.html,true,legacy-live-route
/south-jordan-ut-air-conditioning-heating-services/,/service-area-south-jordan.html,true,legacy-live-route
/specials,/specials.html,true,clean-option-route
/specials/,/specials.html,true,clean-option-route
/spring-ac-maintenance,/spring-ac-maintenance.html,true,clean-option-route
/spring-ac-maintenance/,/spring-ac-maintenance.html,true,clean-option-route
/summer-energy-efficiency,/summer-energy-efficiency.html,true,clean-option-route
/summer-energy-efficiency/,/summer-energy-efficiency.html,true,clean-option-route
/terms-of-service,/terms-of-service.html,true,clean-option-route
/terms-of-service/,/terms-of-service.html,true,clean-option-route
/thermostats,/thermostats.html,true,clean-option-route
/thermostats-lehi-ut,/thermostats.html,true,legacy-live-route
/thermostats-lehi-ut/,/thermostats.html,true,legacy-live-route
/thermostats/,/thermostats.html,true,clean-option-route
/troubleshoot-furnace-problems-quick-fixes-for-common-issues,/furnace-repair.html,true,legacy-live-route
/troubleshoot-furnace-problems-quick-fixes-for-common-issues/,/furnace-repair.html,true,legacy-live-route
/troubleshooting-ac-power-issues,/ac-repair.html,true,legacy-live-route
/troubleshooting-ac-power-issues/,/ac-repair.html,true,legacy-live-route
/trust-professionals-for-ac-installation,/air-conditioning.html,true,legacy-live-route
/trust-professionals-for-ac-installation/,/air-conditioning.html,true,legacy-live-route
/understanding-hvac-system-clicking-noises,/hvac-troubleshooter.html,true,legacy-live-route
/understanding-hvac-system-clicking-noises/,/hvac-troubleshooter.html,true,legacy-live-route
/understanding-unusual-ac-sounds,/ac-repair.html,true,legacy-live-route
/understanding-unusual-ac-sounds/,/ac-repair.html,true,legacy-live-route
/uneven-cooling-issues-solutions,/ac-repair.html,true,legacy-live-route
/uneven-cooling-issues-solutions/,/ac-repair.html,true,legacy-live-route
/utilizing-uv-light-technology-advantages,/air-purifiers.html,true,legacy-live-route
/utilizing-uv-light-technology-advantages/,/air-purifiers.html,true,legacy-live-route
/uv-air-purifiers-lehi-ut,/air-purifiers.html,true,legacy-live-route
/uv-air-purifiers-lehi-ut/,/air-purifiers.html,true,legacy-live-route
/uv-coil-purifiers-lehi-ut,/air-purifiers.html,true,legacy-live-route
/uv-coil-purifiers-lehi-ut/,/air-purifiers.html,true,legacy-live-route
/uv-light-installation-guide,/air-purifiers.html,true,legacy-live-route
/uv-light-installation-guide/,/air-purifiers.html,true,legacy-live-route
/uv-light-installation-lehi-ut,/air-purifiers.html,true,legacy-live-route
/uv-light-installation-lehi-ut/,/air-purifiers.html,true,legacy-live-route
/uv-light-replacement-lehi-ut,/air-purifiers.html,true,legacy-live-route
/uv-light-replacement-lehi-ut/,/air-purifiers.html,true,legacy-live-route
/uv-lights-lehi-ut,/air-purifiers.html,true,legacy-live-route
/uv-lights-lehi-ut/,/air-purifiers.html,true,legacy-live-route
/ventilation,/ventilation.html,true,clean-option-route
/ventilation-cleaning-lehi-ut,/ventilation.html,true,legacy-live-route
/ventilation-cleaning-lehi-ut/,/ventilation.html,true,legacy-live-route
/ventilation-erv-services-lehi-ut,/ventilation.html,true,legacy-live-route
/ventilation-erv-services-lehi-ut/,/ventilation.html,true,legacy-live-route
/ventilation-hrv-services-lehi-ut,/ventilation.html,true,legacy-live-route
/ventilation-hrv-services-lehi-ut/,/ventilation.html,true,legacy-live-route
/ventilation-installation-lehi-ut,/ventilation.html,true,legacy-live-route
/ventilation-installation-lehi-ut/,/ventilation.html,true,legacy-live-route
/ventilation-planning-and-design-lehi-ut,/ventilation.html,true,legacy-live-route
/ventilation-planning-and-design-lehi-ut/,/ventilation.html,true,legacy-live-route
/ventilation-services-lehi-ut,/ventilation.html,true,legacy-live-route
/ventilation-services-lehi-ut/,/ventilation.html,true,legacy-live-route
/ventilation-work-lehi-ut,/ventilation.html,true,legacy-live-route
/ventilation-work-lehi-ut/,/ventilation.html,true,legacy-live-route
/ventilation/,/ventilation.html,true,clean-option-route
/water-heater,/water-heater.html,true,clean-option-route
/water-heater/,/water-heater.html,true,clean-option-route
/west-jordan-ut-air-conditioning-heating-services,/service-area-west-jordan.html,true,legacy-live-route
/west-jordan-ut-air-conditioning-heating-services/,/service-area-west-jordan.html,true,legacy-live-route
/what-causes-an-ac-to-blow-warm-air,/ac-repair.html,true,legacy-live-route
/what-causes-an-ac-to-blow-warm-air/,/ac-repair.html,true,legacy-live-route
/what-is-the-importance-of-hvac-maintenance,/maintenance-plan.html,true,legacy-live-route
/what-is-the-importance-of-hvac-maintenance/,/maintenance-plan.html,true,legacy-live-route
/what-to-look-for-when-your-furnace-is-not-working,/furnace-repair.html,true,legacy-live-route
/what-to-look-for-when-your-furnace-is-not-working/,/furnace-repair.html,true,legacy-live-route
/when-to-call-for-professional-hvac-service,/ventilation.html,true,legacy-live-route
/when-to-call-for-professional-hvac-service/,/ventilation.html,true,legacy-live-route
/which-ac-features-can-save-you-money,/air-conditioning.html,true,legacy-live-route
/which-ac-features-can-save-you-money/,/air-conditioning.html,true,legacy-live-route
/who-we-serve,/who-we-serve.html,true,clean-option-route
/who-we-serve-lehi-ut,/ventilation.html,true,legacy-live-route
/who-we-serve-lehi-ut/,/ventilation.html,true,legacy-live-route
/who-we-serve/,/who-we-serve.html,true,clean-option-route
/whole-home-ventilation-system-lehi-ut,/ventilation.html,true,legacy-live-route
/whole-home-ventilation-system-lehi-ut/,/ventilation.html,true,legacy-live-route
/whole-house-air-purification-lehi-ut,/air-purifiers.html,true,legacy-live-route
/whole-house-air-purification-lehi-ut/,/air-purifiers.html,true,legacy-live-route
/whole-house-dehumidifier-benefits,/dehumidifiers.html,true,legacy-live-route
/whole-house-dehumidifier-benefits/,/dehumidifiers.html,true,legacy-live-route
/whole-house-dehumidifiers-lehi-ut,/dehumidifiers.html,true,legacy-live-route
/whole-house-dehumidifiers-lehi-ut/,/dehumidifiers.html,true,legacy-live-route
/why-consider-furnace-replacement,/heating-replacement.html,true,legacy-live-route
/why-consider-furnace-replacement/,/heating-replacement.html,true,legacy-live-route
/why-hvac-systems-lose-efficiency,/energy-efficiency.html,true,legacy-live-route
/why-hvac-systems-lose-efficiency/,/energy-efficiency.html,true,legacy-live-route
/why-your-ac-keeps-tripping-the-breaker,/ac-repair.html,true,legacy-live-route
/why-your-ac-keeps-tripping-the-breaker/,/ac-repair.html,true,legacy-live-route
/winter-heating-troubleshooting,/winter-heating-troubleshooting.html,true,clean-option-route
/winter-heating-troubleshooting/,/winter-heating-troubleshooting.html,true,clean-option-route
/winter-is-coming-10-tips-to-winterize-your-home,/winter-heating-troubleshooting.html,true,legacy-live-route
/winter-is-coming-10-tips-to-winterize-your-home/,/winter-heating-troubleshooting.html,true,legacy-live-route
/zoning-lehi-ut,/other-services-tests.html,true,legacy-live-route
/zoning-lehi-ut/,/other-services-tests.html,true,legacy-live-route
